"RowIndex","English","Translation","Status"
"1","Certifications","Certificeringen","Translated"
"2","SUBARU Care","SUBARU Care","Translated"
"3","Smart entry &amp; start system and immobilizer system","Smart Entry met startsysteem en startonderbrekersysteem","Translated"
"4","Smart entry &amp; start system","Smart Entry met startsysteem","Translated"
"5","Smart transmitter","Slimme afstandsbediening","Translated"
"6","Smart tuner","Slimme tuner","Translated"
"7","SUBARU Safety Sense","SUBARU Safety Sense","Translated"
"8","Blind Spot Monitor (BSM)","Blind Spot Monitor (BSM, dodehoekbewaking)","Translated"
"9","Tire pressure warning system","Waarschuwingssysteem bandenspanning","Translated"
"10","Wireless charger","Draadloze lader","Translated"
"11","Jack","Krik","Translated"
"12","Air conditioning system","Aircosysteem","Translated"
"13","Type: ","Type: ","Translated"
"14","R-1234yf (HFO-1234yf)","R-1234yf (HFO-1234yf)","Translated"
"15","Capacity: ","Capaciteit: ","Translated"
"16","0.700 kg (1.54 lb.)","0,700 kg","Translated"
"17","GWP (Global Warming Potential): ","GWP (Global Warming Potential [aardopwarmingsvermogen]): ","Translated"
"18","0.501","0,501","Translated"
"19","CO2 equivalent: ","CO2-equivalent: ","Translated"
"20","0.000351 t (0.774 lb.)","0,000351 t","Translated"
"21","Importer Information","Informatie over importeur","Translated"
"22","CHARGING STATION INFORMATION","INFORMATIE OVER LAADSTATION","Translated"
"23","<Tag pos=""Point"" x=""3"" type=""InlineImage"">&lt;symbol href = &quot;../common/step_a.eps&quot; width = &quot;4.177mm&quot; height = &quot;4.176mm&quot; xoffset = &quot;0.000mm&quot; yoffset = &quot;0.000mm&quot;/&gt;</Tag>","<Tag pos=""Point"" x=""3"" type=""InlineImage"">&lt;symbol href = &quot;../common/step_a.eps&quot; width = &quot;4.177mm&quot; height = &quot;4.176mm&quot; xoffset = &quot;0.000mm&quot; yoffset = &quot;0.000mm&quot;/&gt;</Tag>",""
"24","Auxiliary catch lever ","Motorkapgrendel ","Translated"
"25","(<NU x=""5"" g=""2"">&amp;rarr;</NU><Tag pos=""Point"" x=""6"" type=""InlineVariable"" g=""3"">&lt;xref type = &quot;P.page&quot; srcfile = &quot;A6790GEtoeuenvhch07.xml#ch07se0304020501&quot; ref_em = &quot;yes&quot; ref_pm = &quot;yes&quot; ref_fullpm = &quot;yes&quot;/&gt;</Tag>)","(<NU x=""5"" g=""2"">&amp;rarr;</NU><Tag pos=""Point"" x=""6"" type=""InlineVariable"" g=""3"">&lt;xref type = &quot;P.page&quot; srcfile = &quot;A6790GEtoeuenvhch07.xml#ch07se0304020501&quot; ref_em = &quot;yes&quot; ref_pm = &quot;yes&quot; ref_fullpm = &quot;yes&quot;/&gt;</Tag>)",""
"26","<Tag pos=""Point"" x=""2"" type=""InlineImage"">&lt;symbol href = &quot;../common/step_b.eps&quot; width = &quot;4.177mm&quot; height = &quot;4.176mm&quot; xoffset = &quot;0.000mm&quot; yoffset = &quot;0.000mm&quot;/&gt;</Tag>","<Tag pos=""Point"" x=""2"" type=""InlineImage"">&lt;symbol href = &quot;../common/step_b.eps&quot; width = &quot;4.177mm&quot; height = &quot;4.176mm&quot; xoffset = &quot;0.000mm&quot; yoffset = &quot;0.000mm&quot;/&gt;</Tag>",""
"27","Charging port lid ","Klep van laadpoort ","Translated"
"28","(<NU x=""4"" g=""2"">&amp;rarr;</NU><Tag pos=""Point"" x=""5"" type=""InlineVariable"" g=""3"">&lt;xref type = &quot;P.page&quot; srcfile = &quot;A6790GEtoeuenvhch02.xml#ch02se020401&quot; ref_em = &quot;yes&quot; ref_pm = &quot;yes&quot; ref_fullpm = &quot;yes&quot;/&gt;</Tag>)","(<NU x=""4"" g=""2"">&amp;rarr;</NU><Tag pos=""Point"" x=""5"" type=""InlineVariable"" g=""3"">&lt;xref type = &quot;P.page&quot; srcfile = &quot;A6790GEtoeuenvhch02.xml#ch02se020401&quot; ref_em = &quot;yes&quot; ref_pm = &quot;yes&quot; ref_fullpm = &quot;yes&quot;/&gt;</Tag>)",""
"29","<Tag pos=""Point"" x=""2"" type=""InlineImage"">&lt;symbol href = &quot;../common/step_c.eps&quot; width = &quot;4.177mm&quot; height = &quot;4.176mm&quot; xoffset = &quot;0.000mm&quot; yoffset = &quot;0.000mm&quot;/&gt;</Tag>","<Tag pos=""Point"" x=""2"" type=""InlineImage"">&lt;symbol href = &quot;../common/step_c.eps&quot; width = &quot;4.177mm&quot; height = &quot;4.176mm&quot; xoffset = &quot;0.000mm&quot; yoffset = &quot;0.000mm&quot;/&gt;</Tag>",""
"30","Power back door switch ","Schakelaar elektrisch bedienbare bagageklep ","Translated"
"31","(<NU x=""4"" g=""2"">&amp;rarr;</NU><Tag pos=""Point"" x=""5"" type=""InlineVariable"" g=""3"">&lt;xref type = &quot;P.page&quot; srcfile = &quot;A6790GEtoeuenvhch04.xml#ch04se02040205050602&quot; ref_em = &quot;yes&quot; ref_pm = &quot;yes&quot; ref_fullpm = &quot;yes&quot;/&gt;</Tag>)","(<NU x=""4"" g=""2"">&amp;rarr;</NU><Tag pos=""Point"" x=""5"" type=""InlineVariable"" g=""3"">&lt;xref type = &quot;P.page&quot; srcfile = &quot;A6790GEtoeuenvhch04.xml#ch04se02040205050602&quot; ref_em = &quot;yes&quot; ref_pm = &quot;yes&quot; ref_fullpm = &quot;yes&quot;/&gt;</Tag>)",""
"32","<Tag pos=""Point"" x=""2"" type=""InlineImage"">&lt;symbol href = &quot;../common/step_d.eps&quot; width = &quot;4.177mm&quot; height = &quot;4.176mm&quot; xoffset = &quot;0.000mm&quot; yoffset = &quot;0.000mm&quot;/&gt;</Tag>","<Tag pos=""Point"" x=""2"" type=""InlineImage"">&lt;symbol href = &quot;../common/step_d.eps&quot; width = &quot;4.177mm&quot; height = &quot;4.176mm&quot; xoffset = &quot;0.000mm&quot; yoffset = &quot;0.000mm&quot;/&gt;</Tag>",""
"33","Hood lock release lever ","Hendel voor ontgrendeling van motorkap ","Translated"
"34","(<NU x=""4"" g=""2"">&amp;rarr;</NU><Tag pos=""Point"" x=""5"" type=""InlineVariable"" g=""3"">&lt;xref type = &quot;P.page&quot; srcfile = &quot;A6790GEtoeuenvhch07.xml#ch07se0304020501&quot; ref_em = &quot;yes&quot; ref_pm = &quot;yes&quot; ref_fullpm = &quot;yes&quot;/&gt;</Tag>)","(<NU x=""4"" g=""2"">&amp;rarr;</NU><Tag pos=""Point"" x=""5"" type=""InlineVariable"" g=""3"">&lt;xref type = &quot;P.page&quot; srcfile = &quot;A6790GEtoeuenvhch07.xml#ch07se0304020501&quot; ref_em = &quot;yes&quot; ref_pm = &quot;yes&quot; ref_fullpm = &quot;yes&quot;/&gt;</Tag>)",""
"35","<Tag pos=""Point"" x=""2"" type=""InlineImage"">&lt;symbol href = &quot;../common/step_e.eps&quot; width = &quot;4.177mm&quot; height = &quot;4.176mm&quot; xoffset = &quot;0.000mm&quot; yoffset = &quot;0.000mm&quot;/&gt;</Tag>","<Tag pos=""Point"" x=""2"" type=""InlineImage"">&lt;symbol href = &quot;../common/step_e.eps&quot; width = &quot;4.177mm&quot; height = &quot;4.176mm&quot; xoffset = &quot;0.000mm&quot; yoffset = &quot;0.000mm&quot;/&gt;</Tag>",""
"36","Tire inflation pressure ","Bandenspanning ","Translated"
"37","(<NU x=""4"" g=""2"">&amp;rarr;</NU><Tag pos=""Point"" x=""5"" type=""InlineVariable"" g=""3"">&lt;xref type = &quot;P.page&quot; srcfile = &quot;A6790GEtoeuenvhch09.xml#ch09se0104010513&quot;/&gt;</Tag>)","(<NU x=""4"" g=""2"">&amp;rarr;</NU><Tag pos=""Point"" x=""5"" type=""InlineVariable"" g=""3"">&lt;xref type = &quot;P.page&quot; srcfile = &quot;A6790GEtoeuenvhch09.xml#ch09se0104010513&quot;/&gt;</Tag>)",""
"38","External power source","Externe voedingsbron","Translated"
"39","Time needed for charging","Benodigde laadduur","Translated"
"40","Traction battery type","Type tractiebatterij","Translated"
"41","Cold tire inflation pressure","Bandenspanning bij koude banden","Translated"
